team,url,, 
Real Madrid,https://fc25-club-packs.ea.com/uploads/real-madrid/emblem/real-madrid.png,,
Manchester City,https://fc25-club-packs.ea.com/uploads/manchester-city/emblem/manchester-city.png,,
FC Bayern Munich,https://fc25-club-packs.ea.com/uploads/fc-bayern-m-nchen/emblem/fc-bayern-m-nchen.png,,
Arsenal,https://fc25-club-packs.ea.com/uploads/arsenal/emblem/arsenal.png,,
Paris SG,https://fc25-club-packs.ea.com/uploads/paris-saint-germain/emblem/paris-saint-germain.png,,
Liverpool,https://fc25-club-packs.ea.com/uploads/liverpool/emblem/liverpool.png,,
Inter Milan,https://en.wikipedia.org/wiki/Inter_Milan#/media/File:FC_Internazionale_Milano_2021.svg,,
FC Barcelona,https://en.wikipedia.org/wiki/FC_Barcelona#/media/File:FC_Barcelona_(crest).svg,,
Inter Miami CF,https://en.wikipedia.org/wiki/Inter_Miami_CF#/media/File:Inter_Miami_CF_logo.svg,,
Atlantico de Madrid,https://en.wikipedia.org/wiki/Atl%C3%A9tico_Madrid#/media/File:Atletico_Madrid_Logo_2024.svg,,
Leverkusen,https://en.wikipedia.org/wiki/Bayer_04_Leverkusen#/media/File:Bayer_04_Leverkusen_logo.svg,,
BoRussian Federation Dortmund,https://en.wikipedia.org/wiki/Borussia_Dortmund#/media/File:Borussia_Dortmund_logo.svg,,
SSC Napoli,https://fc25-club-packs.ea.com/uploads/ssc-napoli/emblem/ssc-napoli.png,,
AS Roma,https://en.wikipedia.org/wiki/AS_Roma#/media/File:AS_Roma_logo_(2017).svg,,
Milano FC,https://en.wikipedia.org/wiki/AC_Milan#/media/File:Logo_of_AC_Milan.svg,,
Al Hilal,https://en.wikipedia.org/wiki/Al_Hilal_SFC#/media/File:Al-Hilal_SFC_logo.svg,,
Man Utd,https://en.wikipedia.org/wiki/Manchester_United_F.C.#/media/File:Manchester_United_FC_crest.svg,,
Spurs,https://en.wikipedia.org/wiki/Tottenham_Hotspur_F.C.#/media/File:Tottenham_Hotspur.svg,,
Aston Villa,https://fc25-club-packs.ea.com/uploads/aston-villa/emblem/aston-villa.png,,
Al Nassr,https://en.wikipedia.org/wiki/Al_Nassr_FC#/media/File:Al_Nassr_FC_Logo.svg,,
Al Ittihad,https://en.wikipedia.org/wiki/Al-Ittihad_Club_(Jeddah)#/media/File:Al-Ittihad_Club_(Jeddah)_logo.svg,,
Juventus,https://fc25-club-packs.ea.com/uploads/juventus/emblem/juventus.png,,
Athletic Club,https://fc25-club-packs.ea.com/uploads/athletic-club/emblem/athletic-club.png,,
Newcastle Utd,https://en.wikipedia.org/wiki/Newcastle_United_F.C.#/media/File:Newcastle_United_Logo.svg,,
Al Ahli,https://en.wikipedia.org/wiki/Al-Ahli_Saudi_FC#/media/File:Al_Ahli_Saudi_FC_logo.svg,,
Valencia CF,https://fc25-club-packs.ea.com/uploads/valencia-cf/emblem/valencia-cf.png,,
RB Leipzig,https://fc25-club-packs.ea.com/uploads/rb-leipzig/emblem/rb-leipzig.png,,
Chelsea,https://en.wikipedia.org/wiki/Chelsea_F.C.#/media/File:Chelsea_FC.svg,,
RC Celta,https://fc25-club-packs.ea.com/uploads/rc-celta/emblem/rc-celta.png,,
Sporting CP,https://fc25-club-packs.ea.com/uploads/sporting-cp/emblem/sporting-cp.png,,
FC Porto,https://en.wikipedia.org/wiki/FC_Porto#/media/File:FC_Porto.svg,,
Real Sociedad,https://fc25-club-packs.ea.com/uploads/real-sociedad/emblem/real-sociedad.png,,
River Plate,https://en.wikipedia.org/wiki/Club_Atl%C3%A9tico_River_Plate#/media/File:Escudo_del_C_A_River_Plate.svg,,
Sassuolo,https://en.wikipedia.org/wiki/US_Sassuolo_Calcio#/media/File:US_Sassuolo_Calcio_logo.svg,,
Al Shabab,https://en.wikipedia.org/wiki/Al_Shabab_FC_(Riyadh)#/media/File:Al_Shabab_FC_(Riyadh).svg,,
SL Benfica,https://en.wikipedia.org/wiki/S.L._Benfica#/media/File:SL_Benfica_logo.svg,,
Fenerbahce,https://en.wikipedia.org/wiki/Fenerbah%C3%A7e_S.K._(football)#/media/File:Fenerbah%C3%A7e.svg,,
Besiktas,https://tr.wikipedia.org/wiki/Be%C5%9Fikta%C5%9F_(futbol_tak%C4%B1m%C4%B1)#/media/Dosya:BesiktasJK-Logo.svg,,
LAFC,https://en.wikipedia.org/wiki/Los_Angeles_FC#/media/File:Los_Angeles_Football_Club.svg,,
Galatasaray,https://fc25-club-packs.ea.com/uploads/galatasaray/emblem/galatasaray.png,,
Villarreal CF,https://fc25-club-packs.ea.com/uploads/villarreal-cf/emblem/villarreal-cf.png,,
Everton,https://fc25-club-packs.ea.com/uploads/everton/emblem/everton.png,,
Latium,https://en.wikipedia.org/wiki/SS_Lazio#/media/File:S.S._Lazio_badge.svg,,
West Ham,https://en.wikipedia.org/wiki/West_Ham_United_F.C.#/media/File:West_Ham_United_FC_logo.svg,,
Girona FC,https://fc25-club-packs.ea.com/uploads/girona-fc/emblem/girona-fc.png,,
Torino,https://fc25-club-packs.ea.com/uploads/torino/emblem/torino.png,,
Real Betis,https://fc25-club-packs.ea.com/uploads/real-betis/emblem/real-betis.png,,
Al Qadisiyah,https://en.wikipedia.org/wiki/Al_Qadsiah_FC#/media/File:Al-Qadsiah_Logo.svg,,
TSG Hoffenheim,https://en.wikipedia.org/wiki/TSG_1899_Hoffenheim#/media/File:Logo_TSG_Hoffenheim.svg,,
Bergamo Calcio,https://en.wikipedia.org/wiki/Atalanta_BC#/media/File:AtalantaBC.svg,,
RCD Mallorca,https://fc25-club-packs.ea.com/uploads/rcd-mallorca/emblem/rcd-mallorca.png,,
SC Freiburg,https://fc25-club-packs.ea.com/uploads/sc-freiburg/emblem/sc-freiburg.png,,
OL,https://en.wikipedia.org/wiki/Olympique_Lyonnais#/media/File:Olympique_Lyonnais_logo.svg,,
Fulham,https://fc25-club-packs.ea.com/uploads/fulham/emblem/fulham.png,,
RC Lens,https://fc25-club-packs.ea.com/uploads/rc-lens/emblem/rc-lens.png,,
Al Fayha,https://en.wikipedia.org/wiki/Al-Fayha_FC#/media/File:Al-Fayha_FC.svg,,
Frankfurt,https://en.wikipedia.org/wiki/Eintracht_Frankfurt#/media/File:Eintracht_Frankfurt_crest.svg,,
Como,https://fc25-club-packs.ea.com/uploads/como/emblem/como.png,,
FC Cincinnati,https://en.wikipedia.org/wiki/FC_Cincinnati#/media/File:FC_Cincinnati_primary_logo_2018.svg,,
SC Braga,https://en.wikipedia.org/wiki/S.C._Braga#/media/File:S.C._Braga_logo.svg,,
LOSC Lille,https://en.wikipedia.org/wiki/Lille_OSC#/media/File:Lille_OSC_2018_logo.svg,,
PSV,https://en.wikipedia.org/wiki/PSV_Eindhoven#/media/File:PSV_Eindhoven.svg,,
Crystal Palace,https://fc25-club-packs.ea.com/uploads/crystal-palace/emblem/crystal-palace.png,,
Bologna,https://fc25-club-packs.ea.com/uploads/bologna/emblem/bologna.png,,
AS Monaco,https://fc25-club-packs.ea.com/uploads/as-monaco/emblem/as-monaco.png,,
Feyenoord,https://fc25-club-packs.ea.com/uploads/feyenoord/emblem/feyenoord.png,,
Brighton,https://fc25-club-packs.ea.com/uploads/brighton/emblem/brighton.png,,
Rayo Vallecano,https://fc25-club-packs.ea.com/uploads/rayo-vallecano/emblem/rayo-vallecano.png,,
Southampton,https://fc25-club-packs.ea.com/uploads/southampton/emblem/southampton.png,,
Trabzonspor,https://fc25-club-packs.ea.com/uploads/trabzonspor/emblem/trabzonspor.png,,
Getafe CF,https://fc25-club-packs.ea.com/uploads/getafe-cf/emblem/getafe-cf.png,,
VfB Stuttgart,https://fc25-club-packs.ea.com/uploads/vfb-stuttgart/emblem/vfb-stuttgart.png,,
UD Las Palmas,https://fc25-club-packs.ea.com/uploads/ud-las-palmas/emblem/ud-las-palmas.png,,
Royal Antwerp FC,https://fc25-club-packs.ea.com/uploads/royal-antwerp-fc/emblem/royal-antwerp-fc.png,,
VfL Wolfsburg,https://fc25-club-packs.ea.com/uploads/vfl-wolfsburg/emblem/vfl-wolfsburg.png,,
OGC Nice,https://fc25-club-packs.ea.com/uploads/ogc-nice/emblem/ogc-nice.png,,
AFC Bournemouth,https://fc25-club-packs.ea.com/uploads/afc-bournemouth/emblem/afc-bournemouth.png,,
Lecce,https://fc25-club-packs.ea.com/uploads/lecce/emblem/lecce.png,,
Sevilla FC,https://fc25-club-packs.ea.com/uploads/sevilla-fc/emblem/sevilla-fc.png,,
Ettifaq FC,https://fc25-club-packs.ea.com/uploads/ettifaq-fc/emblem/ettifaq-fc.png,,
Fiorentina,https://fc25-club-packs.ea.com/uploads/fiorentina/emblem/fiorentina.png,,
Ajax,https://fc25-club-packs.ea.com/uploads/ajax/emblem/ajax.png,,
OM,https://fc25-club-packs.ea.com/uploads/om/emblem/om.png,,
Brentford,https://fc25-club-packs.ea.com/uploads/brentford/emblem/brentford.png,,
Hajduk Split,https://fc25-club-packs.ea.com/uploads/hajduk-split/emblem/hajduk-split.png,,
Montpellier,https://fc25-club-packs.ea.com/uploads/montpellier/emblem/montpellier.png,,
Celtic,https://fc25-club-packs.ea.com/uploads/celtic/emblem/celtic.png,,
FC Twente,https://fc25-club-packs.ea.com/uploads/fc-twente/emblem/fc-twente.png,,
Club Brugge,https://fc25-club-packs.ea.com/uploads/club-brugge/emblem/club-brugge.png,,
Al Fateh,https://fc25-club-packs.ea.com/uploads/al-fateh/emblem/al-fateh.png,,
Wolves,https://fc25-club-packs.ea.com/uploads/wolves/emblem/wolves.png,,
Newell's,https://fc25-club-packs.ea.com/uploads/newell-s/emblem/newell-s.png,,
Stade Brestois 29,https://fc25-club-packs.ea.com/uploads/stade-brestois-29/emblem/stade-brestois-29.png,,
CA Osasuna,https://fc25-club-packs.ea.com/uploads/ca-osasuna/emblem/ca-osasuna.png,,
AZ,https://fc25-club-packs.ea.com/uploads/az/emblem/az.png,,
Red Bulls,https://fc25-club-packs.ea.com/uploads/red-bulls/emblem/red-bulls.png,,
Nott'm Forest,https://fc25-club-packs.ea.com/uploads/nott-m-forest/emblem/nott-m-forest.png,,
New United Kingdom,https://fc25-club-packs.ea.com/uploads/new-united-kingdom/emblem/new-united-kingdom.png,,
C.D. Leganes,https://en.wikipedia.org/wiki/CD_Legan%C3%A9s#/media/File:Club_Deportivo_Legan%C3%A9s_logo.svg,,
M'gladbach,https://fc25-club-packs.ea.com/uploads/m-gladbach/emblem/m-gladbach.png,,
AEK Athens,https://fc25-club-packs.ea.com/uploads/aek-athens/emblem/aek-athens.png,,
Nashville SC,https://fc25-club-packs.ea.com/uploads/nashville-sc/emblem/nashville-sc.png,,
Monza,https://fc25-club-packs.ea.com/uploads/monza/emblem/monza.png,,
Strasbourg,https://fc25-club-packs.ea.com/uploads/strasbourg/emblem/strasbourg.png,,
Al Ain FC,https://fc25-club-packs.ea.com/uploads/al-ain-fc/emblem/al-ain-fc.png,,
Union Berlin,https://fc25-club-packs.ea.com/uploads/union-berlin/emblem/union-berlin.png,,
 FSV Mainz 05,https://fc25-club-packs.ea.com/uploads/fsv-mainz-05/emblem/fsv-mainz-05.png,,
Real Salt Lake,https://fc25-club-packs.ea.com/uploads/real-salt-lake/emblem/real-salt-lake.png,,
Leicester City,https://fc25-club-packs.ea.com/uploads/leicester-city/emblem/leicester-city.png,,
Sparta Praha,https://fc25-club-packs.ea.com/uploads/sparta-praha/emblem/sparta-praha.png,,
St. Louis CITY SC,https://fc25-club-packs.ea.com/uploads/st-louis-city-sc/emblem/st-louis-city-sc.png,,
Ferencvarosi  TC,https://en.wikipedia.org/wiki/Ferencv%C3%A1rosi_TC#/media/File:Ferencvarosi_TC.svg,,
Slavia Praha,https://fc25-club-packs.ea.com/uploads/slavia-praha/emblem/slavia-praha.png,,
Shanghai Port FC,https://fc25-club-packs.ea.com/uploads/shanghai-port-fc/emblem/shanghai-port-fc.png,,
Olympiacos FC,https://fc25-club-packs.ea.com/uploads/olympiacos-fc/emblem/olympiacos-fc.png,,
Al Taawoun,https://fc25-club-packs.ea.com/uploads/al-taawoun/emblem/al-taawoun.png,,
Whitecaps FC,https://fc25-club-packs.ea.com/uploads/whitecaps-fc/emblem/whitecaps-fc.png,,
Stade Rennais FC,https://fc25-club-packs.ea.com/uploads/stade-rennais-fc/emblem/stade-rennais-fc.png,,
Columbus Crew,https://fc25-club-packs.ea.com/uploads/columbus-crew/emblem/columbus-crew.png,,
Houston Dynamo,https://fc25-club-packs.ea.com/uploads/houston-dynamo/emblem/houston-dynamo.png,,
Toronto FC,https://fc25-club-packs.ea.com/uploads/toronto-fc/emblem/toronto-fc.png,,
Stade de Reims,https://fc25-club-packs.ea.com/uploads/stade-de-reims/emblem/stade-de-reims.png,,
D. Alav챕s,https://fc25-club-packs.ea.com/uploads/d-alav-s/emblem/d-alav-s.png,,
Panathinaikos,https://fc25-club-packs.ea.com/uploads/panathinaikos/emblem/panathinaikos.png,,
Orlando City,https://fc25-club-packs.ea.com/uploads/orlando-city/emblem/orlando-city.png,,
LA Galaxy,https://fc25-club-packs.ea.com/uploads/la-galaxy/emblem/la-galaxy.png,,
Toulouse FC,https://fc25-club-packs.ea.com/uploads/toulouse-fc/emblem/toulouse-fc.png,,
Boca Juniors,https://fc25-club-packs.ea.com/uploads/boca-juniors/emblem/boca-juniors.png,,
Dynamo Kyiv,https://fc25-club-packs.ea.com/uploads/dynamo-kyiv/emblem/dynamo-kyiv.png,,
Rangers,https://fc25-club-packs.ea.com/uploads/rangers/emblem/rangers.png,,
RSC Anderlecht,https://fc25-club-packs.ea.com/uploads/rsc-anderlecht/emblem/rsc-anderlecht.png,,
PAOK FC,https://fc25-club-packs.ea.com/uploads/paok-fc/emblem/paok-fc.png,,
Al Orobah,https://fc25-club-packs.ea.com/uploads/al-orobah/emblem/al-orobah.png,,
UD Almeria,https://en.wikipedia.org/wiki/UD_Almer%C3%ADa#/media/File:UD_Almeria_logo.svg,,
RB Salzburg,https://fc25-club-packs.ea.com/uploads/rb-salzburg/emblem/rb-salzburg.png,,
Portland Timbers,https://fc25-club-packs.ea.com/uploads/portland-timbers/emblem/portland-timbers.png,,
Luton Town,https://fc25-club-packs.ea.com/uploads/luton-town/emblem/luton-town.png,,
Austin FC,https://fc25-club-packs.ea.com/uploads/austin-fc/emblem/austin-fc.png,,
SV Werder Bremen,https://fc25-club-packs.ea.com/uploads/sv-werder-bremen/emblem/sv-werder-bremen.png,,
Al Kholood,https://fc25-club-packs.ea.com/uploads/al-kholood/emblem/al-kholood.png,,
KRC Genk,https://fc25-club-packs.ea.com/uploads/krc-genk/emblem/krc-genk.png,,
FC Dallas,https://fc25-club-packs.ea.com/uploads/fc-dallas/emblem/fc-dallas.png,,
Cagliari,https://fc25-club-packs.ea.com/uploads/cagliari/emblem/cagliari.png,,
R. Valladolid CF,https://fc25-club-packs.ea.com/uploads/r-valladolid-cf/emblem/r-valladolid-cf.png,,
Genoa,https://fc25-club-packs.ea.com/uploads/genoa/emblem/genoa.png,,
Hellas Verona,https://fc25-club-packs.ea.com/uploads/hellas-verona/emblem/hellas-verona.png,,
Lanus,https://en.wikipedia.org/wiki/Club_Atl%C3%A9tico_Lan%C3%BAs#/media/File:Club_Atl%C3%A9tico_Lan%C3%BAs_Logo.svg,,
FC Lorient,https://fc25-club-packs.ea.com/uploads/fc-lorient/emblem/fc-lorient.png,,
Damac FC,https://fc25-club-packs.ea.com/uploads/damac-fc/emblem/damac-fc.png,,
Atl. Nacional,https://fc25-club-packs.ea.com/uploads/atl-nacional/emblem/atl-nacional.png,,
Dinamo Zagreb,https://fc25-club-packs.ea.com/uploads/dinamo-zagreb/emblem/dinamo-zagreb.png,,
Ipswich,https://fc25-club-packs.ea.com/uploads/ipswich/emblem/ipswich.png,,
RCD Espanyol,https://fc25-club-packs.ea.com/uploads/rcd-espanyol/emblem/rcd-espanyol.png,,
Racing Club,https://fc25-club-packs.ea.com/uploads/racing-club/emblem/racing-club.png,,
1. FC Koln,https://en.wikipedia.org/wiki/1._FC_K%C3%B6ln_(women)#/media/File:1._FC_Koeln_Logo_2014%E2%80%93.svg,,
Shakhtar Donetsk,https://fc25-club-packs.ea.com/uploads/shakhtar-donetsk/emblem/shakhtar-donetsk.png,,
Leeds United,https://fc25-club-packs.ea.com/uploads/leeds-united/emblem/leeds-united.png,,
Sunderland,https://fc25-club-packs.ea.com/uploads/sunderland/emblem/sunderland.png,,
Estudiantes,https://fc25-club-packs.ea.com/uploads/estudiantes/emblem/estudiantes.png,,
Parma,https://fc25-club-packs.ea.com/uploads/parma/emblem/parma.png,,
Junior,https://fc25-club-packs.ea.com/uploads/junior/emblem/junior.png,,
FK Bodo Glimt,https://fc25-club-packs.ea.com/uploads/fk-bod-glimt/emblem/fk-bod-glimt.png,,
Burnley,https://fc25-club-packs.ea.com/uploads/burnley/emblem/burnley.png,,
Granada CF,https://fc25-club-packs.ea.com/uploads/granada-cf/emblem/granada-cf.png,,
San Lorenzo,https://fc25-club-packs.ea.com/uploads/san-lorenzo/emblem/san-lorenzo.png,,
R. Union St.-G.,https://fc25-club-packs.ea.com/uploads/r-union-st-g/emblem/r-union-st-g.png,,
Rosario Central,https://fc25-club-packs.ea.com/uploads/rosario-central/emblem/rosario-central.png,,
FC Nantes,https://fc25-club-packs.ea.com/uploads/fc-nantes/emblem/fc-nantes.png,,
Chicago Fire FC,https://fc25-club-packs.ea.com/uploads/chicago-fire-fc/emblem/chicago-fire-fc.png,,
Basaksehir ,https://en.wikipedia.org/wiki/%C4%B0stanbul_Ba%C5%9Fak%C5%9Fehir_F.K.#/media/File:%C4%B0stanbul_Ba%C5%9Fak%C5%9Fehir_logo.svg,,
Empoli,https://fc25-club-packs.ea.com/uploads/empoli/emblem/empoli.png,,
F.C. Kobenhavn,https://en.wikipedia.org/wiki/F.C._Copenhagen#/media/File:FC_Copenhagen_logo.svg,,
Cercle Brugge,https://fc25-club-packs.ea.com/uploads/cercle-brugge/emblem/cercle-brugge.png,,
Penarol,https://en.wikipedia.org/wiki/Pe%C3%B1arol#/media/File:Escudo_del_Club_Atl%C3%A9tico_Pe%C3%B1arol.svg,,
Cadiz CF,https://en.wikipedia.org/wiki/C%C3%A1diz_CF#/media/File:C%C3%A1diz_CF_logo.svg,,
FC Augsburg,https://fc25-club-packs.ea.com/uploads/fc-augsburg/emblem/fc-augsburg.png,,
Hannover 96,https://fc25-club-packs.ea.com/uploads/hannover-96/emblem/hannover-96.png,,
Sheffield Utd,https://fc25-club-packs.ea.com/uploads/sheffield-utd/emblem/sheffield-utd.png,,
Konyaspor,https://fc25-club-packs.ea.com/uploads/konyaspor/emblem/konyaspor.png,,
Talleres,https://fc25-club-packs.ea.com/uploads/talleres/emblem/talleres.png,,
Paris FC,https://fc25-club-packs.ea.com/uploads/paris-fc/emblem/paris-fc.png,,
Vitoria de Guimaraes,https://en.wikipedia.org/wiki/Vit%C3%B3ria_S.C.#/media/File:Vit%C3%B3ria_Guimar%C3%A3es.svg,,
Heidenheim,https://fc25-club-packs.ea.com/uploads/heidenheim/emblem/heidenheim.png,,
Sivasspor,https://fc25-club-packs.ea.com/uploads/sivasspor/emblem/sivasspor.png,,
FC Midtjylland,https://fc25-club-packs.ea.com/uploads/fc-midtjylland/emblem/fc-midtjylland.png,,
Sounders FC,https://fc25-club-packs.ea.com/uploads/sounders-fc/emblem/sounders-fc.png,,
Millonarios,https://fc25-club-packs.ea.com/uploads/millonarios/emblem/millonarios.png,,
Levante UD,https://fc25-club-packs.ea.com/uploads/levante-ud/emblem/levante-ud.png,,
Sparta Rotterdam,https://fc25-club-packs.ea.com/uploads/sparta-rotterdam/emblem/sparta-rotterdam.png,,
Shandong Taishan,https://fc25-club-packs.ea.com/uploads/shandong-taishan/emblem/shandong-taishan.png,,
VfL Bochum 1848,https://fc25-club-packs.ea.com/uploads/vfl-bochum-1848/emblem/vfl-bochum-1848.png,,
N.E.C. Nijmegen,https://fc25-club-packs.ea.com/uploads/n-e-c-nijmegen/emblem/n-e-c-nijmegen.png,,
Velez Sarsfield,https://ko.wikipedia.org/wiki/CA_%EB%B2%A8%EB%A0%88%EC%8A%A4_%EC%82%AC%EB%A5%B4%EC%8A%A4%ED%94%BC%EC%97%98%EB%93%9C#/media/%ED%8C%8C%EC%9D%BC:Escudo_del_Club_Atl%C3%A9tico_V%C3%A9lez_Sarsfield.svg,,
Al Khaleej,https://fc25-club-packs.ea.com/uploads/al-khaleej/emblem/al-khaleej.png,,
Sampdoria,https://fc25-club-packs.ea.com/uploads/sampdoria/emblem/sampdoria.png,,
FC Famalicao,https://en.wikipedia.org/wiki/F.C._Famalic%C3%A3o#/media/File:F.C._Famalic%C3%A3o_logo.svg,,
Sp. Charleroi,https://fc25-club-packs.ea.com/uploads/sp-charleroi/emblem/sp-charleroi.png,,
AS Saint-etienne,https://en.wikipedia.org/wiki/AS_Saint-%C3%89tienne#/media/File:AS_Saint-%C3%89tienne_logo.svg,,
Pohang Steelers,https://fc25-club-packs.ea.com/uploads/pohang-steelers/emblem/pohang-steelers.png,,
Udinese,https://fc25-club-packs.ea.com/uploads/udinese/emblem/udinese.png,,
Philadelphia,https://fc25-club-packs.ea.com/uploads/philadelphia/emblem/philadelphia.png,,
Barcelona SC,https://fc25-club-packs.ea.com/uploads/barcelona-sc/emblem/barcelona-sc.png,,
R. Oviedo,https://fc25-club-packs.ea.com/uploads/r-oviedo/emblem/r-oviedo.png,,
Casa Pia AC,https://fc25-club-packs.ea.com/uploads/casa-pia-ac/emblem/casa-pia-ac.png,,
R. Sporting,https://fc25-club-packs.ea.com/uploads/r-sporting/emblem/r-sporting.png,,
Gil Vicente,https://fc25-club-packs.ea.com/uploads/gil-vicente/emblem/gil-vicente.png,,
Rio Ave FC,https://fc25-club-packs.ea.com/uploads/rio-ave-fc/emblem/rio-ave-fc.png,,
Havre AC,https://fc25-club-packs.ea.com/uploads/havre-ac/emblem/havre-ac.png,,
Palermo,https://fc25-club-packs.ea.com/uploads/palermo/emblem/palermo.png,,
Clermont Foot 63,https://fc25-club-packs.ea.com/uploads/clermont-foot-63/emblem/clermont-foot-63.png,,
Elche CF,https://fc25-club-packs.ea.com/uploads/elche-cf/emblem/elche-cf.png,,
LDU Quito,https://fc25-club-packs.ea.com/uploads/ldu-quito/emblem/ldu-quito.png,,
FK Austria Wien,https://fc25-club-packs.ea.com/uploads/fk-austria-wien/emblem/fk-austria-wien.png,,
Molde FK,https://fc25-club-packs.ea.com/uploads/molde-fk/emblem/molde-fk.png,,
Al Wehda,https://fc25-club-packs.ea.com/uploads/al-wehda/emblem/al-wehda.png,,
SJ Earthquakes,https://fc25-club-packs.ea.com/uploads/sj-earthquakes/emblem/sj-earthquakes.png,,
Arouca,https://fc25-club-packs.ea.com/uploads/arouca/emblem/arouca.png,,
FC Seoul,https://fc25-club-packs.ea.com/uploads/fc-seoul/emblem/fc-seoul.png,,
Ulsan Hyundai,https://fc25-club-packs.ea.com/uploads/ulsan-hyundai/emblem/ulsan-hyundai.png,,
Minnesota United,https://fc25-club-packs.ea.com/uploads/minnesota-united/emblem/minnesota-united.png,,
Zhejiang Pro,https://fc25-club-packs.ea.com/uploads/zhejiang-pro/emblem/zhejiang-pro.png,,
Independiente,https://fc25-club-packs.ea.com/uploads/independiente/emblem/independiente.png,,
Gaziantep,https://fc25-club-packs.ea.com/uploads/gaziantep/emblem/gaziantep.png,,
RC Deportivo,https://fc25-club-packs.ea.com/uploads/rc-deportivo/emblem/rc-deportivo.png,,
Venezia,https://fc25-club-packs.ea.com/uploads/venezia/emblem/venezia.png,,
Hertha BSC,https://fc25-club-packs.ea.com/uploads/hertha-bsc/emblem/hertha-bsc.png,,
Estoril Praia,https://fc25-club-packs.ea.com/uploads/estoril-praia/emblem/estoril-praia.png,,
Alianza Lima,https://fc25-club-packs.ea.com/uploads/alianza-lima/emblem/alianza-lima.png,,
Argentinos Jrs.,https://fc25-club-packs.ea.com/uploads/argentinos-jrs/emblem/argentinos-jrs.png,,
Adana Demirspor,https://fc25-club-packs.ea.com/uploads/adana-demirspor/emblem/adana-demirspor.png,,
KV Mechelen,https://fc25-club-packs.ea.com/uploads/kv-mechelen/emblem/kv-mechelen.png,,
Hearts,https://fc25-club-packs.ea.com/uploads/hearts/emblem/hearts.png,,
Coventry City,https://fc25-club-packs.ea.com/uploads/coventry-city/emblem/coventry-city.png,,
IDV,https://fc25-club-packs.ea.com/uploads/idv/emblem/idv.png,,
Brondby IF,https://en.wikipedia.org/wiki/Br%C3%B8ndby_IF#/media/File:Brondby_IF_logo.svg,,
FC Lugano,https://fc25-club-packs.ea.com/uploads/fc-lugano/emblem/fc-lugano.png,,
Servette FC,https://fc25-club-packs.ea.com/uploads/servette-fc/emblem/servette-fc.png,,
Viktoria Plzen,https://en.wikipedia.org/wiki/FC_Viktoria_Plze%C5%88#/media/File:Viktoria_Plzen_logo.svg,,
AJ Auxerre,https://fc25-club-packs.ea.com/uploads/aj-auxerre/emblem/aj-auxerre.png,,
Cremonese,https://fc25-club-packs.ea.com/uploads/cremonese/emblem/cremonese.png,,
R. Racing Club,https://fc25-club-packs.ea.com/uploads/r-racing-club/emblem/r-racing-club.png,,
LASK,https://fc25-club-packs.ea.com/uploads/lask/emblem/lask.png,,
Charlotte FC,https://fc25-club-packs.ea.com/uploads/charlotte-fc/emblem/charlotte-fc.png,,
SD Eibar,https://fc25-club-packs.ea.com/uploads/sd-eibar/emblem/sd-eibar.png,,
Real Zaragoza,https://fc25-club-packs.ea.com/uploads/real-zaragoza/emblem/real-zaragoza.png,,
FC Utrecht,https://fc25-club-packs.ea.com/uploads/fc-utrecht/emblem/fc-utrecht.png,,
D.C. United,https://fc25-club-packs.ea.com/uploads/d-c-united/emblem/d-c-united.png,,
Standard Liege,https://en.wikipedia.org/wiki/Standard_Li%C3%A8ge#/media/File:Standard_Li%C3%A8ge_BC_logo.png,,
Stoke City,https://fc25-club-packs.ea.com/uploads/stoke-city/emblem/stoke-city.png,,
Blackburn Rovers,https://fc25-club-packs.ea.com/uploads/blackburn-rovers/emblem/blackburn-rovers.png,,
Sudtirol,https://en.wikipedia.org/wiki/FC_S%C3%BCdtirol#/media/File:FC_Sudtirol_crest.svg,,
QPR,https://fc25-club-packs.ea.com/uploads/qpr/emblem/qpr.png,,
Cardiff City,https://fc25-club-packs.ea.com/uploads/cardiff-city/emblem/cardiff-city.png,,
Colo-Colo,https://fc25-club-packs.ea.com/uploads/colo-colo/emblem/colo-colo.png,,
Gimnasia,https://fc25-club-packs.ea.com/uploads/gimnasia/emblem/gimnasia.png,,
Moreirense FC,https://fc25-club-packs.ea.com/uploads/moreirense-fc/emblem/moreirense-fc.png,,
KV Kortrijk,https://fc25-club-packs.ea.com/uploads/kv-kortrijk/emblem/kv-kortrijk.png,,
Banfield,https://fc25-club-packs.ea.com/uploads/banfield/emblem/banfield.png,,
Universidad Catolica,https://fc25-club-packs.ea.com/uploads/u-cat-lica/emblem/u-cat-lica.png,,
Huracan,https://fc25-club-packs.ea.com/uploads/hurac-n/emblem/hurac-n.png,,
BSC Young Boys,https://fc25-club-packs.ea.com/uploads/bsc-young-boys/emblem/bsc-young-boys.png,,
Cerro Porteno,https://fc25-club-packs.ea.com/uploads/cerro-porte-o/emblem/cerro-porte-o.png,,
Belgrano,https://fc25-club-packs.ea.com/uploads/belgrano/emblem/belgrano.png,,
Al Raed,https://fc25-club-packs.ea.com/uploads/al-raed/emblem/al-raed.png,,
Kasimpasa,https://fc25-club-packs.ea.com/uploads/kas-mpa-a/emblem/kas-mpa-a.png,,
Hamburger SV,https://fc25-club-packs.ea.com/uploads/hamburger-sv/emblem/hamburger-sv.png,,
SK Sturm Graz,https://fc25-club-packs.ea.com/uploads/sk-sturm-graz/emblem/sk-sturm-graz.png,,
Pogon Szczecin,https://fc25-club-packs.ea.com/uploads/pogo-szczecin/emblem/pogo-szczecin.png,,
Norwich,https://fc25-club-packs.ea.com/uploads/norwich/emblem/norwich.png,,
Caykur Rizespor,https://fc25-club-packs.ea.com/uploads/aykur-rizespor/emblem/aykur-rizespor.png,,
FC Metz,https://fc25-club-packs.ea.com/uploads/fc-metz/emblem/fc-metz.png,,
FC Basel 1893,https://fc25-club-packs.ea.com/uploads/fc-basel-1893/emblem/fc-basel-1893.png,,
Holstein Kiel,https://fc25-club-packs.ea.com/uploads/holstein-kiel/emblem/holstein-kiel.png,,
FC St. Pauli,https://fc25-club-packs.ea.com/uploads/fc-st-pauli/emblem/fc-st-pauli.png,,
Alanyaspor,https://fc25-club-packs.ea.com/uploads/alanyaspor/emblem/alanyaspor.png,,
1. FC Nurnberg,https://fc25-club-packs.ea.com/uploads/fc-n-rnberg/emblem/fc-n-rnberg.png,,
KAA Gent,https://fc25-club-packs.ea.com/uploads/kaa-gent/emblem/kaa-gent.png,,
Gimcheon Sangmu,https://fc25-club-packs.ea.com/uploads/gimcheon-sangmu/emblem/gimcheon-sangmu.png,,
Daejeon,https://fc25-club-packs.ea.com/uploads/daejeon/emblem/daejeon.png,,
Instituto,https://fc25-club-packs.ea.com/uploads/instituto/emblem/instituto.png,,
Sydney FC,https://fc25-club-packs.ea.com/uploads/sydney-fc/emblem/sydney-fc.png,,
Salernitana,https://fc25-club-packs.ea.com/uploads/salernitana/emblem/salernitana.png,,
Hull City,https://fc25-club-packs.ea.com/uploads/hull-city/emblem/hull-city.png,,
Colorado Rapids,https://fc25-club-packs.ea.com/uploads/colorado-rapids/emblem/colorado-rapids.png,,
Beijing FC,https://fc25-club-packs.ea.com/uploads/beijing-fc/emblem/beijing-fc.png,,
Godoy Cruz,https://fc25-club-packs.ea.com/uploads/godoy-cruz/emblem/godoy-cruz.png,,
BK H채cken,https://fc25-club-packs.ea.com/uploads/bk-h-cken/emblem/bk-h-cken.png,,
Eyupspor,https://fc25-club-packs.ea.com/uploads/ey-pspor/emblem/ey-pspor.png,,
SV Darmstadt 98,https://fc25-club-packs.ea.com/uploads/sv-darmstadt-98/emblem/sv-darmstadt-98.png,,
Libertad,https://fc25-club-packs.ea.com/uploads/libertad/emblem/libertad.png,,
Daegu FC,https://fc25-club-packs.ea.com/uploads/daegu-fc/emblem/daegu-fc.png,,
Changchun Yatai,https://fc25-club-packs.ea.com/uploads/changchun-yatai/emblem/changchun-yatai.png,,
Samsunspor,https://fc25-club-packs.ea.com/uploads/samsunspor/emblem/samsunspor.png,,
West Brom,https://fc25-club-packs.ea.com/uploads/west-brom/emblem/west-brom.png,,
Preston,https://fc25-club-packs.ea.com/uploads/preston/emblem/preston.png,,
Plymouth Argyle,https://fc25-club-packs.ea.com/uploads/plymouth-argyle/emblem/plymouth-argyle.png,,
Universidad Catolica,https://en.wikipedia.org/wiki/Club_Deportivo_Universidad_Cat%C3%B3lica#/media/File:Escudo_Club_Deportivo_Universidad_Cat%C3%B3lica.svg,,
Boavista FC,https://fc25-club-packs.ea.com/uploads/boavista-fc/emblem/boavista-fc.png,,
Angers SCO,https://fc25-club-packs.ea.com/uploads/angers-sco/emblem/angers-sco.png,,
Pisa,https://fc25-club-packs.ea.com/uploads/pisa/emblem/pisa.png,,
Kaiserslautern,https://fc25-club-packs.ea.com/uploads/kaiserslautern/emblem/kaiserslautern.png,,
FC St. Gallen,https://fc25-club-packs.ea.com/uploads/fc-st-gallen/emblem/fc-st-gallen.png,,
Estrela Amadora,https://fc25-club-packs.ea.com/uploads/estrela-amadora/emblem/estrela-amadora.png,,
Shanghai Shenhua,https://fc25-club-packs.ea.com/uploads/shanghai-shenhua/emblem/shanghai-shenhua.png,,
Reggiana,https://fc25-club-packs.ea.com/uploads/reggiana/emblem/reggiana.png,,
APOEL FC,https://fc25-club-packs.ea.com/uploads/apoel-fc/emblem/apoel-fc.png,,
Ind. Rivadavia,https://fc25-club-packs.ea.com/uploads/ind-rivadavia/emblem/ind-rivadavia.png,,
Millwall,https://fc25-club-packs.ea.com/uploads/millwall/emblem/millwall.png,,
Union,https://fc25-club-packs.ea.com/uploads/uni-n/emblem/uni-n.png,,
Malmo FF,https://fc25-club-packs.ea.com/uploads/malm-ff/emblem/malm-ff.png,,
Djurgardens IF,https://en.wikipedia.org/wiki/Djurg%C3%A5rdens_IF_Fotboll#/media/File:Djurgardens_IF_logo.svg,,
Rongcheng FC,https://fc25-club-packs.ea.com/uploads/rongcheng-fc/emblem/rongcheng-fc.png,,
Racing de Ferrol,https://fc25-club-packs.ea.com/uploads/racing-de-ferrol/emblem/racing-de-ferrol.png,,
Qarabag FK,https://fc25-club-packs.ea.com/uploads/qaraba-fk/emblem/qaraba-fk.png,,
Lausanne-Sport,https://fc25-club-packs.ea.com/uploads/lausanne-sport/emblem/lausanne-sport.png,,
Hatayspor,https://fc25-club-packs.ea.com/uploads/hatayspor/emblem/hatayspor.png,,
Olimpia,https://fc25-club-packs.ea.com/uploads/olimpia/emblem/olimpia.png,,
Deportes Tolima,https://fc25-club-packs.ea.com/uploads/deportes-tolima/emblem/deportes-tolima.png,,
FC Nordsjaelland,https://en.wikipedia.org/wiki/FC_Nordsj%C3%A6lland#/media/File:FC_Nordsj%C3%A6lland_logo.svg,,
FC Schalke 04,https://fc25-club-packs.ea.com/uploads/fc-schalke-04/emblem/fc-schalke-04.png,,
Bolivar,https://fc25-club-packs.ea.com/uploads/bol-var/emblem/bol-var.png,,
Melbourne City,https://fc25-club-packs.ea.com/uploads/melbourne-city/emblem/melbourne-city.png,,
Goztepe,https://fc25-club-packs.ea.com/uploads/g-ztepe/emblem/g-ztepe.png,,
Rakow,https://fc25-club-packs.ea.com/uploads/rak-w/emblem/rak-w.png,,
PEC Zwolle,https://fc25-club-packs.ea.com/uploads/pec-zwolle/emblem/pec-zwolle.png,,
SM Caen,https://fc25-club-packs.ea.com/uploads/sm-caen/emblem/sm-caen.png,,
Univ. Craiova,https://fc25-club-packs.ea.com/uploads/univ-craiova/emblem/univ-craiova.png,,
Huachipato,https://fc25-club-packs.ea.com/uploads/huachipato/emblem/huachipato.png,,
New York City FC,https://fc25-club-packs.ea.com/uploads/new-york-city-fc/emblem/new-york-city-fc.png,,
Middlesbrough,https://fc25-club-packs.ea.com/uploads/middlesbrough/emblem/middlesbrough.png,,
America de Cali,https://fc25-club-packs.ea.com/uploads/am-rica-de-cali/emblem/am-rica-de-cali.png,,
Incheon United,https://fc25-club-packs.ea.com/uploads/incheon-united/emblem/incheon-united.png,,
Al Okhdood,https://fc25-club-packs.ea.com/uploads/al-okhdood/emblem/al-okhdood.png,,
sc Heerenveen,https://fc25-club-packs.ea.com/uploads/sc-heerenveen/emblem/sc-heerenveen.png,,
FCSB,https://fc25-club-packs.ea.com/uploads/fcsb/emblem/fcsb.png,,
Frosinone,https://fc25-club-packs.ea.com/uploads/frosinone/emblem/frosinone.png,,
Nacional,https://fc25-club-packs.ea.com/uploads/nacional/emblem/nacional.png,,
Spezia,https://fc25-club-packs.ea.com/uploads/spezia/emblem/spezia.png,,
Auckland FC,https://fc25-club-packs.ea.com/uploads/auckland-fc/emblem/auckland-fc.png,,
Farense,https://fc25-club-packs.ea.com/uploads/farense/emblem/farense.png,,
Watford,https://fc25-club-packs.ea.com/uploads/watford/emblem/watford.png,,
AGF,https://fc25-club-packs.ea.com/uploads/agf/emblem/agf.png,,
Viking FK,https://fc25-club-packs.ea.com/uploads/viking-fk/emblem/viking-fk.png,,
Tianjin JMT FC,https://fc25-club-packs.ea.com/uploads/tianjin-jmt-fc/emblem/tianjin-jmt-fc.png,,
Karlsruher SC,https://fc25-club-packs.ea.com/uploads/karlsruher-sc/emblem/karlsruher-sc.png,,
Atlanta United,https://fc25-club-packs.ea.com/uploads/atlanta-united/emblem/atlanta-united.png,,
Henan FC,https://fc25-club-packs.ea.com/uploads/henan-fc/emblem/henan-fc.png,,
Sportivo Luqueno,https://fc25-club-packs.ea.com/uploads/sportivo-luque-o/emblem/sportivo-luque-o.png,,
Dusseldorf,https://fc25-club-packs.ea.com/uploads/d-sseldorf/emblem/d-sseldorf.png,,
Kilmarnock,https://fc25-club-packs.ea.com/uploads/kilmarnock/emblem/kilmarnock.png,,
Sheffield Wed,https://fc25-club-packs.ea.com/uploads/sheffield-wed/emblem/sheffield-wed.png,,
Swansea City,https://fc25-club-packs.ea.com/uploads/swansea-city/emblem/swansea-city.png,,
Defensa,https://fc25-club-packs.ea.com/uploads/defensa/emblem/defensa.png,,
Qingdao W. Coast,https://fc25-club-packs.ea.com/uploads/qingdao-w-coast/emblem/qingdao-w-coast.png,,
SK Rapid,https://fc25-club-packs.ea.com/uploads/sk-rapid/emblem/sk-rapid.png,,
Grenoble Foot 38,https://fc25-club-packs.ea.com/uploads/grenoble-foot-38/emblem/grenoble-foot-38.png,,
Yverdon Sport FC,https://fc25-club-packs.ea.com/uploads/yverdon-sport-fc/emblem/yverdon-sport-fc.png,,
Braunschweig,https://fc25-club-packs.ea.com/uploads/braunschweig/emblem/braunschweig.png,,
Birmingham City,https://fc25-club-packs.ea.com/uploads/birmingham-city/emblem/birmingham-city.png,,
Modena,https://fc25-club-packs.ea.com/uploads/modena/emblem/modena.png,,
FC Zurich,https://fc25-club-packs.ea.com/uploads/fc-z-rich/emblem/fc-z-rich.png,,
Kayserispor,https://fc25-club-packs.ea.com/uploads/kayserispor/emblem/kayserispor.png,,
CF Montreal,https://fc25-club-packs.ea.com/uploads/cf-montr-al/emblem/cf-montr-al.png,,
CD Tenerife,https://fc25-club-packs.ea.com/uploads/cd-tenerife/emblem/cd-tenerife.png,,
Catanzaro,https://fc25-club-packs.ea.com/uploads/catanzaro/emblem/catanzaro.png,,
Qingdao Hainiu,https://fc25-club-packs.ea.com/uploads/qingdao-hainiu/emblem/qingdao-hainiu.png,,
Platense,https://fc25-club-packs.ea.com/uploads/platense/emblem/platense.png,,
Bristol City,https://fc25-club-packs.ea.com/uploads/bristol-city/emblem/bristol-city.png,,
Bari,https://fc25-club-packs.ea.com/uploads/bari/emblem/bari.png,,
Santa Clara,https://fc25-club-packs.ea.com/uploads/santa-clara/emblem/santa-clara.png,,
Macarthur FC,https://fc25-club-packs.ea.com/uploads/macarthur-fc/emblem/macarthur-fc.png,,
Widzew Lodz,https://fc25-club-packs.ea.com/uploads/widzew-d/emblem/widzew-d.png,,
Preussen Munster,https://fc25-club-packs.ea.com/uploads/preu-en-m-nster/emblem/preu-en-m-nster.png,,
Bodrum FK,https://fc25-club-packs.ea.com/uploads/bodrum-fk/emblem/bodrum-fk.png,,
Furth,https://fc25-club-packs.ea.com/uploads/f-rth/emblem/f-rth.png,,
Jagiellonia,https://fc25-club-packs.ea.com/uploads/jagiellonia/emblem/jagiellonia.png,,
Sarmiento,https://fc25-club-packs.ea.com/uploads/sarmiento/emblem/sarmiento.png,,
IFK Norrkoping,https://fc25-club-packs.ea.com/uploads/ifk-norrk-ping/emblem/ifk-norrk-ping.png,,
Antalyaspor,https://fc25-club-packs.ea.com/uploads/antalyaspor/emblem/antalyaspor.png,,
Jeonbuk Hyundai,https://fc25-club-packs.ea.com/uploads/jeonbuk-hyundai/emblem/jeonbuk-hyundai.png,,
Malaga CF,https://fc25-club-packs.ea.com/uploads/m-laga-cf/emblem/m-laga-cf.png,,
Cangzhou FC,https://fc25-club-packs.ea.com/uploads/cangzhou-fc/emblem/cangzhou-fc.png,,
OH Leuven,https://fc25-club-packs.ea.com/uploads/oh-leuven/emblem/oh-leuven.png,,
Bengaluru FC,https://fc25-club-packs.ea.com/uploads/bengaluru-fc/emblem/bengaluru-fc.png,,
Suwon FC,https://fc25-club-packs.ea.com/uploads/suwon-fc/emblem/suwon-fc.png,,
Indep. Medellin,https://fc25-club-packs.ea.com/uploads/indep-medell-n/emblem/indep-medell-n.png,,
Dep. Cuenca,https://fc25-club-packs.ea.com/uploads/dep-cuenca/emblem/dep-cuenca.png,,
Gornik Zabrze,https://fc25-club-packs.ea.com/uploads/g-rnik-zabrze/emblem/g-rnik-zabrze.png,,
Universitario,https://fc25-club-packs.ea.com/uploads/universitario/emblem/universitario.png,,
Sporting KC,https://fc25-club-packs.ea.com/uploads/sporting-kc/emblem/sporting-kc.png,,
SD Huesca,https://fc25-club-packs.ea.com/uploads/sd-huesca/emblem/sd-huesca.png,,
Atletico Tucum,https://fc25-club-packs.ea.com/uploads/atl-tico-tucum-n/emblem/atl-tico-tucum-n.png,,
Lech Poznan,https://fc25-club-packs.ea.com/uploads/lech-pozna/emblem/lech-pozna.png,,
Rosenborg BK,https://fc25-club-packs.ea.com/uploads/rosenborg-bk/emblem/rosenborg-bk.png,,
KVC Westerlo,https://fc25-club-packs.ea.com/uploads/kvc-westerlo/emblem/kvc-westerlo.png,,
STVV,https://fc25-club-packs.ea.com/uploads/stvv/emblem/stvv.png,,
The Strongest,https://fc25-club-packs.ea.com/uploads/the-strongest/emblem/the-strongest.png,,
IF Elfsborg,https://fc25-club-packs.ea.com/uploads/if-elfsborg/emblem/if-elfsborg.png,,
CD Castellon,https://fc25-club-packs.ea.com/uploads/cd-castell-n/emblem/cd-castell-n.png,,
 FC Magdeburg,https://fc25-club-packs.ea.com/uploads/fc-magdeburg/emblem/fc-magdeburg.png,,
Jeju United,https://fc25-club-packs.ea.com/uploads/jeju-united/emblem/jeju-united.png,,
Cesena,https://fc25-club-packs.ea.com/uploads/cesena/emblem/cesena.png,,
Wolfsberger AC,https://fc25-club-packs.ea.com/uploads/wolfsberger-ac/emblem/wolfsberger-ac.png,,
Hammarby IF,https://fc25-club-packs.ea.com/uploads/hammarby-if/emblem/hammarby-if.png,,
Brescia,https://fc25-club-packs.ea.com/uploads/brescia/emblem/brescia.png,,
Hibernian,https://fc25-club-packs.ea.com/uploads/hibernian/emblem/hibernian.png,,
Fortuna Sittard,https://fc25-club-packs.ea.com/uploads/fortuna-sittard/emblem/fortuna-sittard.png,,
Coquimbo Unido,https://fc25-club-packs.ea.com/uploads/coquimbo-unido/emblem/coquimbo-unido.png,,
Derby County,https://fc25-club-packs.ea.com/uploads/derby-county/emblem/derby-county.png,,
Albacete BP,https://fc25-club-packs.ea.com/uploads/albacete-bp/emblem/albacete-bp.png,,
Burgos CF,https://fc25-club-packs.ea.com/uploads/burgos-cf/emblem/burgos-cf.png,,
FC Winterthur,https://fc25-club-packs.ea.com/uploads/fc-winterthur/emblem/fc-winterthur.png,,
East Bengal,https://fc25-club-packs.ea.com/uploads/east-bengal/emblem/east-bengal.png,,
AVS Futebol SAD,https://fc25-club-packs.ea.com/uploads/avs-futebol-sad/emblem/avs-futebol-sad.png,,
SZ Peng City,https://fc25-club-packs.ea.com/uploads/sz-peng-city/emblem/sz-peng-city.png,,
Wuhan Three Towns,https://fc25-club-packs.ea.com/uploads/wuhan-three-towns/emblem/wuhan-three-towns.png,,
Danubio,https://fc25-club-packs.ea.com/uploads/danubio/emblem/danubio.png,,
Tigre,https://fc25-club-packs.ea.com/uploads/tigre/emblem/tigre.png,,
Wanderers,https://fc25-club-packs.ea.com/uploads/wanderers/emblem/wanderers.png,,
Huddersfield,https://fc25-club-packs.ea.com/uploads/huddersfield/emblem/huddersfield.png,,
GwangJu FC,https://fc25-club-packs.ea.com/uploads/gwangju-fc/emblem/gwangju-fc.png,,
FC Luzern,https://fc25-club-packs.ea.com/uploads/fc-luzern/emblem/fc-luzern.png,,
Meizhou Hakka FC,https://fc25-club-packs.ea.com/uploads/meizhou-hakka-fc/emblem/meizhou-hakka-fc.png,,
FC Sion,https://fc25-club-packs.ea.com/uploads/fc-sion/emblem/fc-sion.png,,
UCV,https://fc25-club-packs.ea.com/uploads/ucv/emblem/ucv.png,,
Cosenza,https://fc25-club-packs.ea.com/uploads/cosenza/emblem/cosenza.png,,
SC Paderborn 07,https://fc25-club-packs.ea.com/uploads/sc-paderborn-07/emblem/sc-paderborn-07.png,,
Barracas Central,https://fc25-club-packs.ea.com/uploads/barracas-central/emblem/barracas-central.png,,
GC Zurich,https://fc25-club-packs.ea.com/uploads/gc-z-rich/emblem/gc-z-rich.png,,
Aberdeen,https://fc25-club-packs.ea.com/uploads/aberdeen/emblem/aberdeen.png,,
Legia Warszawa,https://fc25-club-packs.ea.com/uploads/legia-warszawa/emblem/legia-warszawa.png,,
Brisbane Roar,https://fc25-club-packs.ea.com/uploads/brisbane-roar/emblem/brisbane-roar.png,,
Sport Huancayo,https://fc25-club-packs.ea.com/uploads/sport-huancayo/emblem/sport-huancayo.png,,
Randers FC,https://fc25-club-packs.ea.com/uploads/randers-fc/emblem/randers-fc.png,,
USL Dunkerque,https://fc25-club-packs.ea.com/uploads/usl-dunkerque/emblem/usl-dunkerque.png,,
Palestino,https://fc25-club-packs.ea.com/uploads/palestino/emblem/palestino.png,,
FC Groningen,https://fc25-club-packs.ea.com/uploads/fc-groningen/emblem/fc-groningen.png,,
Cobresal,https://fc25-club-packs.ea.com/uploads/cobresal/emblem/cobresal.png,,
Adelaide United,https://fc25-club-packs.ea.com/uploads/adelaide-united/emblem/adelaide-united.png,,
Farul Constan?a,https://fc25-club-packs.ea.com/uploads/farul-constan-a/emblem/farul-constan-a.png,,
Tecnico U.,https://fc25-club-packs.ea.com/uploads/t-cnico-u/emblem/t-cnico-u.png,,
TSV Hartberg,https://fc25-club-packs.ea.com/uploads/tsv-hartberg/emblem/tsv-hartberg.png,,
Always Ready,https://fc25-club-packs.ea.com/uploads/always-ready/emblem/always-ready.png,,
Odisha FC,https://fc25-club-packs.ea.com/uploads/odisha-fc/emblem/odisha-fc.png,,
Cittadella,https://fc25-club-packs.ea.com/uploads/cittadella/emblem/cittadella.png,,
Oxford United,https://fc25-club-packs.ea.com/uploads/oxford-united/emblem/oxford-united.png,,
Zaglebie Lubin,https://fc25-club-packs.ea.com/uploads/zag-bie-lubin/emblem/zag-bie-lubin.png,,
Red Star FC,https://fc25-club-packs.ea.com/uploads/red-star-fc/emblem/red-star-fc.png,,
Wrexham,https://fc25-club-packs.ea.com/uploads/wrexham/emblem/wrexham.png,,
Go Ahead Eagles,https://fc25-club-packs.ea.com/uploads/go-ahead-eagles/emblem/go-ahead-eagles.png,,
Caracas FC,https://fc25-club-packs.ea.com/uploads/caracas-fc/emblem/caracas-fc.png,,
CD Mirandes,https://fc25-club-packs.ea.com/uploads/cd-miran-islamic-republic-ofd-s/emblem/cd-miran-islamic-republic-ofd-s.png,,
SK Brann,https://fc25-club-packs.ea.com/uploads/sk-brann/emblem/sk-brann.png,,
Amiens SC,https://fc25-club-packs.ea.com/uploads/amiens-sc/emblem/amiens-sc.png,,
Cerro Largo,https://fc25-club-packs.ea.com/uploads/cerro-largo/emblem/cerro-largo.png,,
Nacional Potosi,https://fc25-club-packs.ea.com/uploads/nacional-potos/emblem/nacional-potos.png,,
CD Eldense,https://fc25-club-packs.ea.com/uploads/cd-eldense/emblem/cd-eldense.png,,
FC Rapid 1923,https://fc25-club-packs.ea.com/uploads/fc-rapid-1923/emblem/fc-rapid-1923.png,,
Central Coast,https://fc25-club-packs.ea.com/uploads/central-coast/emblem/central-coast.png,,
Pau FC,https://fc25-club-packs.ea.com/uploads/pau-fc/emblem/pau-fc.png,,
Melb. Victory,https://fc25-club-packs.ea.com/uploads/melb-victory/emblem/melb-victory.png,,
FC Cartagena,https://fc25-club-packs.ea.com/uploads/fc-cartagena/emblem/fc-cartagena.png,,
FC Univ. Cluj,https://fc25-club-packs.ea.com/uploads/fc-univ-cluj/emblem/fc-univ-cluj.png,,
Central Cordoba,https://fc25-club-packs.ea.com/uploads/central-c-rdoba/emblem/central-c-rdoba.png,,
AIK,https://fc25-club-packs.ea.com/uploads/aik/emblem/aik.png,,
Laval MFC,https://fc25-club-packs.ea.com/uploads/laval-mfc/emblem/laval-mfc.png,,
Arminia Bielefeld,https://fc25-club-packs.ea.com/uploads/arminia-bielefeld/emblem/arminia-bielefeld.png,,
Guarani,https://fc25-club-packs.ea.com/uploads/guaran/emblem/guaran.png,,
Stal Mielec,https://fc25-club-packs.ea.com/uploads/stal-mielec/emblem/stal-mielec.png,,
Silkeborg IF,https://fc25-club-packs.ea.com/uploads/silkeborg-if/emblem/silkeborg-if.png,,
SCR Altach,https://fc25-club-packs.ea.com/uploads/scr-altach/emblem/scr-altach.png,,
Wehen Wiesbaden,https://fc25-club-packs.ea.com/uploads/wehen-wiesbaden/emblem/wehen-wiesbaden.png,,
CFR 1907 Cluj,https://fc25-club-packs.ea.com/uploads/cfr-1907-cluj/emblem/cfr-1907-cluj.png,,
Perth Glory,https://fc25-club-packs.ea.com/uploads/perth-glory/emblem/perth-glory.png,,
FC Hansa Rostock,https://fc25-club-packs.ea.com/uploads/fc-hansa-rostock/emblem/fc-hansa-rostock.png,,
Reading,https://fc25-club-packs.ea.com/uploads/reading/emblem/reading.png,,
RKC Waalwijk,https://fc25-club-packs.ea.com/uploads/rkc-waalwijk/emblem/rkc-waalwijk.png,,
Bolton,https://fc25-club-packs.ea.com/uploads/bolton/emblem/bolton.png,,
Mantova,https://fc25-club-packs.ea.com/uploads/mantova/emblem/mantova.png,,
Deportivo Tachira,https://fc25-club-packs.ea.com/uploads/dep-t-chira/emblem/dep-t-chira.png,,
IFK Goteborg,https://fc25-club-packs.ea.com/uploads/ifk-g-teborg/emblem/ifk-g-teborg.png,,
Slask Wroclaw,https://fc25-club-packs.ea.com/uploads/l-sk-wroc-aw/emblem/l-sk-wroc-aw.png,,
FC Ingolstadt 04,https://fc25-club-packs.ea.com/uploads/fc-ingolstadt-04/emblem/fc-ingolstadt-04.png,,
Portsmouth,https://fc25-club-packs.ea.com/uploads/portsmouth/emblem/portsmouth.png,,
WS Wanderers,https://fc25-club-packs.ea.com/uploads/ws-wanderers/emblem/ws-wanderers.png,,
Charlton Ath,https://fc25-club-packs.ea.com/uploads/charlton-ath/emblem/charlton-ath.png,,
St. Johnstone,https://fc25-club-packs.ea.com/uploads/st-johnstone/emblem/st-johnstone.png,,
ESTAC Troyes,https://fc25-club-packs.ea.com/uploads/estac-troyes/emblem/estac-troyes.png,,
Rotherham Utd,https://fc25-club-packs.ea.com/uploads/rotherham-utd/emblem/rotherham-utd.png,,
Dep. Garcilaso,https://fc25-club-packs.ea.com/uploads/dep-garcilaso/emblem/dep-garcilaso.png,,
Mohun Bagan SG,https://fc25-club-packs.ea.com/uploads/mohun-bagan-sg/emblem/mohun-bagan-sg.png,,
VfL Osnabruck,https://fc25-club-packs.ea.com/uploads/vfl-osnabr-ck/emblem/vfl-osnabr-ck.png,,
Jamshedpur FC,https://fc25-club-packs.ea.com/uploads/jamshedpur-fc/emblem/jamshedpur-fc.png,,
Union La Calera,https://fc25-club-packs.ea.com/uploads/uni-n-la-calera/emblem/uni-n-la-calera.png,,
Grazer AK,https://fc25-club-packs.ea.com/uploads/grazer-ak/emblem/grazer-ak.png,,
Metropolitanos,https://fc25-club-packs.ea.com/uploads/metropolitanos/emblem/metropolitanos.png,,
Lillestrom SK,https://fc25-club-packs.ea.com/uploads/lillestr-m-sk/emblem/lillestr-m-sk.png,,
Rot-Weiss Essen,https://fc25-club-packs.ea.com/uploads/rot-weiss-essen/emblem/rot-weiss-essen.png,,
Odds BK,https://fc25-club-packs.ea.com/uploads/odds-bk/emblem/odds-bk.png,,
Dynamo Dresden,https://fc25-club-packs.ea.com/uploads/dynamo-dresden/emblem/dynamo-dresden.png,,
Dep. Riestra,https://fc25-club-packs.ea.com/uploads/dep-riestra/emblem/dep-riestra.png,,
SV Elversberg,https://fc25-club-packs.ea.com/uploads/sv-elversberg/emblem/sv-elversberg.png,,
NAC Breda,https://fc25-club-packs.ea.com/uploads/nac-breda/emblem/nac-breda.png,,
Sarpsborg 08,https://fc25-club-packs.ea.com/uploads/sarpsborg-08/emblem/sarpsborg-08.png,,
Nantong Zhiyun FC,https://fc25-club-packs.ea.com/uploads/nantong-zhiyun-fc/emblem/nantong-zhiyun-fc.png,,
Jahn Regensburg,https://fc25-club-packs.ea.com/uploads/jahn-regensburg/emblem/jahn-regensburg.png,,
FCV Dender EH,https://fc25-club-packs.ea.com/uploads/fcv-dender-eh/emblem/fcv-dender-eh.png,,
Wycombe,https://fc25-club-packs.ea.com/uploads/wycombe/emblem/wycombe.png,,
Gangwon FC,https://fc25-club-packs.ea.com/uploads/gangwon-fc/emblem/gangwon-fc.png,,
Viborg FF,https://fc25-club-packs.ea.com/uploads/viborg-ff/emblem/viborg-ff.png,,
Austria Klagenfurt,https://fc25-club-packs.ea.com/uploads/austria-klagenfurt/emblem/austria-klagenfurt.png,,
AC Ajaccio,https://fc25-club-packs.ea.com/uploads/ac-ajaccio/emblem/ac-ajaccio.png,,
Willem II,https://fc25-club-packs.ea.com/uploads/willem-ii/emblem/willem-ii.png,,
Sepsi OSK,https://fc25-club-packs.ea.com/uploads/sepsi-osk/emblem/sepsi-osk.png,,
GKS Katowice,https://fc25-club-packs.ea.com/uploads/gks-katowice/emblem/gks-katowice.png,,
Peterborough,https://fc25-club-packs.ea.com/uploads/peterborough/emblem/peterborough.png,,
Motor Lublin,https://fc25-club-packs.ea.com/uploads/motor-lublin/emblem/motor-lublin.png,,
K. Beerschot VA,https://fc25-club-packs.ea.com/uploads/k-beerschot-va/emblem/k-beerschot-va.png,,
Carrarese Calcio,https://fc25-club-packs.ea.com/uploads/carrarese-calcio/emblem/carrarese-calcio.png,,
FK Haugesund,https://fc25-club-packs.ea.com/uploads/fk-haugesund/emblem/fk-haugesund.png,,
Stromsgodset IF,https://fc25-club-packs.ea.com/uploads/str-msgodset-if/emblem/str-msgodset-if.png,,
WSG Tirol,https://fc25-club-packs.ea.com/uploads/wsg-tirol/emblem/wsg-tirol.png,,
Wilstermann,https://fc25-club-packs.ea.com/uploads/wilstermann/emblem/wilstermann.png,,
AaB,https://fc25-club-packs.ea.com/uploads/aab/emblem/aab.png,,
Cracovia,https://fc25-club-packs.ea.com/uploads/cracovia/emblem/cracovia.png,,
KFUM-Kameratene,https://fc25-club-packs.ea.com/uploads/kfum-kameratene/emblem/kfum-kameratene.png,,
FC Martigues,https://fc25-club-packs.ea.com/uploads/fc-martigues/emblem/fc-martigues.png,,
Mansfield Town,https://fc25-club-packs.ea.com/uploads/mansfield-town/emblem/mansfield-town.png,,
Punjab FC,https://fc25-club-packs.ea.com/uploads/punjab-fc/emblem/punjab-fc.png,,
Almere City FC,https://fc25-club-packs.ea.com/uploads/almere-city-fc/emblem/almere-city-fc.png,,
Well. Phoenix,https://fc25-club-packs.ea.com/uploads/well-phoenix/emblem/well-phoenix.png,,
En Avant Guingamp,https://fc25-club-packs.ea.com/uploads/en-avant-guingamp/emblem/en-avant-guingamp.png,,
Alianza FC,https://fc25-club-packs.ea.com/uploads/alianza-fc/emblem/alianza-fc.png,,
SV Waldhof,https://fc25-club-packs.ea.com/uploads/sv-waldhof/emblem/sv-waldhof.png,,
FC Dinamo 1948,https://fc25-club-packs.ea.com/uploads/fc-dinamo-1948/emblem/fc-dinamo-1948.png,,
Shamrock Rovers,https://fc25-club-packs.ea.com/uploads/shamrock-rovers/emblem/shamrock-rovers.png,,
SC Otelul Galati,https://fc25-club-packs.ea.com/uploads/sc-o-elul-gala-i/emblem/sc-o-elul-gala-i.png,,
Vejle Boldklub,https://fc25-club-packs.ea.com/uploads/vejle-boldklub/emblem/vejle-boldklub.png,,
Piast Gliwice,https://fc25-club-packs.ea.com/uploads/piast-gliwice/emblem/piast-gliwice.png,,
FC Goa,https://fc25-club-packs.ea.com/uploads/fc-goa/emblem/fc-goa.png,,
SC Bastia,https://fc25-club-packs.ea.com/uploads/sc-bastia/emblem/sc-bastia.png,,
IFK Varnamo,https://fc25-club-packs.ea.com/uploads/ifk-v-rnamo/emblem/ifk-v-rnamo.png,,
Lincoln City,https://fc25-club-packs.ea.com/uploads/lincoln-city/emblem/lincoln-city.png,,
SSV Ulm 1846,https://fc25-club-packs.ea.com/uploads/ssv-ulm-1846/emblem/ssv-ulm-1846.png,,
Western United,https://fc25-club-packs.ea.com/uploads/western-united/emblem/western-united.png,,
Blau-Weiss Linz,https://fc25-club-packs.ea.com/uploads/blau-weiss-linz/emblem/blau-weiss-linz.png,,
Carabobo FC,https://fc25-club-packs.ea.com/uploads/carabobo-fc/emblem/carabobo-fc.png,,
Northampton,https://fc25-club-packs.ea.com/uploads/northampton/emblem/northampton.png,,
Heracles Almelo,https://fc25-club-packs.ea.com/uploads/heracles-almelo/emblem/heracles-almelo.png,,
Barnsley,https://fc25-club-packs.ea.com/uploads/barnsley/emblem/barnsley.png,,
Blackpool,https://fc25-club-packs.ea.com/uploads/blackpool/emblem/blackpool.png,,
Notts County,https://fc25-club-packs.ea.com/uploads/notts-county/emblem/notts-county.png,,
Mumbai City FC,https://fc25-club-packs.ea.com/uploads/mumbai-city-fc/emblem/mumbai-city-fc.png,,
Kerala Blasters,https://fc25-club-packs.ea.com/uploads/kerala-blasters/emblem/kerala-blasters.png,,
FC Erzgebirge Aue,https://fc25-club-packs.ea.com/uploads/fc-erzgebirge-aue/emblem/fc-erzgebirge-aue.png,,
Cordoba CF,https://fc25-club-packs.ea.com/uploads/c-rdoba-cf/emblem/c-rdoba-cf.png,,
1. FC Saarbr?cken,https://fc25-club-packs.ea.com/uploads/saarbr-cken/emblem/saarbr-cken.png,,
Exeter City,https://fc25-club-packs.ea.com/uploads/exeter-city/emblem/exeter-city.png,,
Rodez AF,https://fc25-club-packs.ea.com/uploads/rodez-af/emblem/rodez-af.png,,
Brommapojkarna,https://fc25-club-packs.ea.com/uploads/brommapojkarna/emblem/brommapojkarna.png,,
St. Mirren,https://fc25-club-packs.ea.com/uploads/st-mirren/emblem/st-mirren.png,,
S. Ameliano,https://fc25-club-packs.ea.com/uploads/s-ameliano/emblem/s-ameliano.png,,
Stevenage,https://fc25-club-packs.ea.com/uploads/stevenage/emblem/stevenage.png,,
ADT,https://fc25-club-packs.ea.com/uploads/adt/emblem/adt.png,,
Wigan Athletic,https://fc25-club-packs.ea.com/uploads/wigan-athletic/emblem/wigan-athletic.png,,
Motherwell,https://fc25-club-packs.ea.com/uploads/motherwell/emblem/motherwell.png,,
Dep. La Guaira,https://fc25-club-packs.ea.com/uploads/dep-la-guaira/emblem/dep-la-guaira.png,,
1860 Munchen,https://fc25-club-packs.ea.com/uploads/1860-m-nchen/emblem/1860-m-nchen.png,,
FC Petrolul,https://fc25-club-packs.ea.com/uploads/fc-petrolul/emblem/fc-petrolul.png,,
Club Nacional,https://fc25-club-packs.ea.com/uploads/club-nacional/emblem/club-nacional.png,,
FC Hermannstadt,https://fc25-club-packs.ea.com/uploads/fc-hermannstadt/emblem/fc-hermannstadt.png,,
SV Sandhausen,https://fc25-club-packs.ea.com/uploads/sv-sandhausen/emblem/sv-sandhausen.png,,
FC Gloria Buzau,https://fc25-club-packs.ea.com/uploads/fc-gloria-buz-u/emblem/fc-gloria-buz-u.png,,
Chennaiyin FC,https://fc25-club-packs.ea.com/uploads/chennaiyin-fc/emblem/chennaiyin-fc.png,,
S. Trinidense,https://fc25-club-packs.ea.com/uploads/s-trinidense/emblem/s-trinidense.png,,
Chesterfield,https://fc25-club-packs.ea.com/uploads/chesterfield/emblem/chesterfield.png,,
FC Annecy,https://fc25-club-packs.ea.com/uploads/fc-annecy/emblem/fc-annecy.png,,
NorthEast United,https://fc25-club-packs.ea.com/uploads/northeast-united/emblem/northeast-united.png,,
FC Boto?ani,https://fc25-club-packs.ea.com/uploads/fc-boto-ani/emblem/fc-boto-ani.png,,
Radomiak Radom,https://fc25-club-packs.ea.com/uploads/radomiak-radom/emblem/radomiak-radom.png,,
B. Dortmund II,https://fc25-club-packs.ea.com/uploads/b-dortmund-ii/emblem/b-dortmund-ii.png,,
Kalmar FF,https://fc25-club-packs.ea.com/uploads/kalmar-ff/emblem/kalmar-ff.png,,
Tromso IL,https://fc25-club-packs.ea.com/uploads/troms-il/emblem/troms-il.png,,
Colchester,https://fc25-club-packs.ea.com/uploads/colchester/emblem/colchester.png,,
Delfin SC,https://fc25-club-packs.ea.com/uploads/delf-n-sc/emblem/delf-n-sc.png,,
SS Juve Stabia,https://fc25-club-packs.ea.com/uploads/ss-juve-stabia/emblem/ss-juve-stabia.png,,
Mjallby AIF,https://fc25-club-packs.ea.com/uploads/mj-llby-aif/emblem/mj-llby-aif.png,,
Korona Kielce,https://fc25-club-packs.ea.com/uploads/korona-kielce/emblem/korona-kielce.png,,
Politehnica Iasi,https://fc25-club-packs.ea.com/uploads/politehnica-ia-i/emblem/politehnica-ia-i.png,,
HJK Helsinki,https://fc25-club-packs.ea.com/uploads/hjk-helsinki/emblem/hjk-helsinki.png,,
Doncaster,https://fc25-club-packs.ea.com/uploads/doncaster/emblem/doncaster.png,,
Dundee United,https://fc25-club-packs.ea.com/uploads/dundee-united/emblem/dundee-united.png,,
Dundee FC,https://fc25-club-packs.ea.com/uploads/dundee-fc/emblem/dundee-fc.png,,
Puszcza,https://fc25-club-packs.ea.com/uploads/puszcza/emblem/puszcza.png,,
Lyngby BK,https://fc25-club-packs.ea.com/uploads/lyngby-bk/emblem/lyngby-bk.png,,
Al Riyadh,https://fc25-club-packs.ea.com/uploads/al-riyadh/emblem/al-riyadh.png,,
UTA Arad,https://fc25-club-packs.ea.com/uploads/uta-arad/emblem/uta-arad.png,,
SC Verl,https://fc25-club-packs.ea.com/uploads/sc-verl/emblem/sc-verl.png,,
Halmstads BK,https://fc25-club-packs.ea.com/uploads/halmstads-bk/emblem/halmstads-bk.png,,
Cambridge Utd,https://fc25-club-packs.ea.com/uploads/cambridge-utd/emblem/cambridge-utd.png,,
Fredrikstad FK,https://fc25-club-packs.ea.com/uploads/fredrikstad-fk/emblem/fredrikstad-fk.png,,
Lechia Gdansk,https://fc25-club-packs.ea.com/uploads/lechia-gda-sk/emblem/lechia-gda-sk.png,,
Sonderjyske,https://fc25-club-packs.ea.com/uploads/s-nderjyske/emblem/s-nderjyske.png,,
Port Vale,https://fc25-club-packs.ea.com/uploads/port-vale/emblem/port-vale.png,,
Galway United,https://fc25-club-packs.ea.com/uploads/galway-united/emblem/galway-united.png,,
Bristol Rovers,https://fc25-club-packs.ea.com/uploads/bristol-rovers/emblem/bristol-rovers.png,,
St. Pats,https://fc25-club-packs.ea.com/uploads/st-pats/emblem/st-pats.png,,
Aleman. Aachen,https://fc25-club-packs.ea.com/uploads/aleman-aachen/emblem/aleman-aachen.png,,
Leyton Orient,https://fc25-club-packs.ea.com/uploads/leyton-orient/emblem/leyton-orient.png,,
Real Tomayapo,https://fc25-club-packs.ea.com/uploads/real-tomayapo/emblem/real-tomayapo.png,,
Bradford City,https://fc25-club-packs.ea.com/uploads/bradford-city/emblem/bradford-city.png,,
Viktoria Koln,https://fc25-club-packs.ea.com/uploads/viktoria-k-ln/emblem/viktoria-k-ln.png,,
Stockport,https://fc25-club-packs.ea.com/uploads/stockport/emblem/stockport.png,,
Shelbourne,https://fc25-club-packs.ea.com/uploads/shelbourne/emblem/shelbourne.png,,
MK Dons,https://fc25-club-packs.ea.com/uploads/mk-dons/emblem/mk-dons.png,,
Unterhaching,https://fc25-club-packs.ea.com/uploads/unterhaching/emblem/unterhaching.png,,
Fleetwood Town,https://fc25-club-packs.ea.com/uploads/fleetwood-town/emblem/fleetwood-town.png,,
Shrewsbury,https://fc25-club-packs.ea.com/uploads/shrewsbury/emblem/shrewsbury.png,,
HamKam Fotball,https://fc25-club-packs.ea.com/uploads/hamkam-fotball/emblem/hamkam-fotball.png,,
Salford City,https://fc25-club-packs.ea.com/uploads/salford-city/emblem/salford-city.png,,
Carlisle United,https://fc25-club-packs.ea.com/uploads/carlisle-united/emblem/carlisle-united.png,,
Burton Albion,https://fc25-club-packs.ea.com/uploads/burton-albion/emblem/burton-albion.png,,
Energie Cottbus,https://fc25-club-packs.ea.com/uploads/energie-cottbus/emblem/energie-cottbus.png,,
Crewe Alexandra,https://fc25-club-packs.ea.com/uploads/crewe-alexandra/emblem/crewe-alexandra.png,,
Derry City,https://fc25-club-packs.ea.com/uploads/derry-city/emblem/derry-city.png,,
Walsall,https://fc25-club-packs.ea.com/uploads/walsall/emblem/walsall.png,,
Swindon Town,https://fc25-club-packs.ea.com/uploads/swindon-town/emblem/swindon-town.png,,
Gillingham,https://fc25-club-packs.ea.com/uploads/gillingham/emblem/gillingham.png,,
Barrow,https://fc25-club-packs.ea.com/uploads/barrow/emblem/barrow.png,,
Sligo Rovers,https://fc25-club-packs.ea.com/uploads/sligo-rovers/emblem/sligo-rovers.png,,
Sandefjord,https://fc25-club-packs.ea.com/uploads/sandefjord/emblem/sandefjord.png,,
IK Sirius,https://fc25-club-packs.ea.com/uploads/ik-sirius/emblem/ik-sirius.png,,
Unirea Slobozia,https://fc25-club-packs.ea.com/uploads/unirea-slobozia/emblem/unirea-slobozia.png,,
Newcastle Jets,https://fc25-club-packs.ea.com/uploads/newcastle-jets/emblem/newcastle-jets.png,,
VfB Stuttgart II,https://fc25-club-packs.ea.com/uploads/vfb-stuttgart-ii/emblem/vfb-stuttgart-ii.png,,
Rayo Zuliano,https://fc25-club-packs.ea.com/uploads/rayo-zuliano/emblem/rayo-zuliano.png,,
Crawley Town,https://fc25-club-packs.ea.com/uploads/crawley-town/emblem/crawley-town.png,,
Morecambe,https://fc25-club-packs.ea.com/uploads/morecambe/emblem/morecambe.png,,
Vasteras SK,https://fc25-club-packs.ea.com/uploads/v-ster-s-sk/emblem/v-ster-s-sk.png,,
AFC Wimbledon,https://fc25-club-packs.ea.com/uploads/afc-wimbledon/emblem/afc-wimbledon.png,,
Ross County,https://fc25-club-packs.ea.com/uploads/ross-county/emblem/ross-county.png,,
Kristiansund BK,https://fc25-club-packs.ea.com/uploads/kristiansund-bk/emblem/kristiansund-bk.png,,
GAIS,https://fc25-club-packs.ea.com/uploads/gais/emblem/gais.png,,
Tranmere Rovers,https://fc25-club-packs.ea.com/uploads/tranmere-rovers/emblem/tranmere-rovers.png,,
Harrogate Town,https://fc25-club-packs.ea.com/uploads/harrogate-town/emblem/harrogate-town.png,,
Cheltenham Town,https://fc25-club-packs.ea.com/uploads/cheltenham-town/emblem/cheltenham-town.png,,
Bromley FC,https://fc25-club-packs.ea.com/uploads/bromley-fc/emblem/bromley-fc.png,,
Bohemians,https://fc25-club-packs.ea.com/uploads/bohemians/emblem/bohemians.png,,
Hannover 96 II,https://fc25-club-packs.ea.com/uploads/hannover-96-ii/emblem/hannover-96-ii.png,,
Grimsby Town,https://fc25-club-packs.ea.com/uploads/grimsby-town/emblem/grimsby-town.png,,
Newport County,https://fc25-club-packs.ea.com/uploads/newport-county/emblem/newport-county.png,,
Accrington,https://fc25-club-packs.ea.com/uploads/accrington/emblem/accrington.png,,
Waterford,https://fc25-club-packs.ea.com/uploads/waterford/emblem/waterford.png,,
Dundalk,https://fc25-club-packs.ea.com/uploads/dundalk/emblem/dundalk.png,,
Drogheda United,https://fc25-club-packs.ea.com/uploads/drogheda-united/emblem/drogheda-united.png,,
Mohammedan SC,https://fc25-club-packs.ea.com/uploads/mohammedan-sc/emblem/mohammedan-sc.png,,
Hyderabad FC,https://fc25-club-packs.ea.com/uploads/hyderabad-fc/emblem/hyderabad-fc.png,,
Portland Thorns,https://fc25-club-packs.ea.com/uploads/portland-thorns/emblem/portland-thorns.png,,
KC Current,https://fc25-club-packs.ea.com/uploads/kc-current/emblem/kc-current.png,,
Chicago Red Stars,https://fc25-club-packs.ea.com/uploads/chicago-red-stars/emblem/chicago-red-stars.png,,
NJ/NY Gotham,https://fc25-club-packs.ea.com/uploads/nj-ny-gotham/emblem/nj-ny-gotham.png,,
San Diego Wave,https://fc25-club-packs.ea.com/uploads/san-diego-wave/emblem/san-diego-wave.png,,
Bay FC,https://fc25-club-packs.ea.com/uploads/bay-fc/emblem/bay-fc.png,,
Manchester Utd,https://fc25-club-packs.ea.com/uploads/manchester-utd/emblem/manchester-utd.png,,
Houston Dash,https://fc25-club-packs.ea.com/uploads/houston-dash/emblem/houston-dash.png,,
Roma,https://fc25-club-packs.ea.com/uploads/roma/emblem/roma.png,,
Utah Royals FC,https://fc25-club-packs.ea.com/uploads/utah-royals-fc/emblem/utah-royals-fc.png,,
Real Madrid CF,https://fc25-club-packs.ea.com/uploads/real-madrid-cf/emblem/real-madrid-cf.png,,
Washington Spirit,https://fc25-club-packs.ea.com/uploads/washington-spirit/emblem/washington-spirit.png,,
Orlando Pride,https://fc25-club-packs.ea.com/uploads/orlando-pride/emblem/orlando-pride.png,,
Seattle Reign,https://fc25-club-packs.ea.com/uploads/seattle-reign/emblem/seattle-reign.png,,
FC Fleury 91,https://fc25-club-packs.ea.com/uploads/fc-fleury-91/emblem/fc-fleury-91.png,,
NC Courage,https://fc25-club-packs.ea.com/uploads/nc-courage/emblem/nc-courage.png,,
FC Rosengard,https://fc25-club-packs.ea.com/uploads/fc-roseng-rd/emblem/fc-roseng-rd.png,,
Rac. Louisville,https://fc25-club-packs.ea.com/uploads/rac-louisville/emblem/rac-louisville.png,,
Angel City FC,https://fc25-club-packs.ea.com/uploads/angel-city-fc/emblem/angel-city-fc.png,,
Madrid CFF,https://fc25-club-packs.ea.com/uploads/madrid-cff/emblem/madrid-cff.png,,
Levante Badalona,https://fc25-club-packs.ea.com/uploads/levante-badalona/emblem/levante-badalona.png,,
UD Tenerife,https://fc25-club-packs.ea.com/uploads/ud-tenerife/emblem/ud-tenerife.png,,
Glasgow City FC,https://fc25-club-packs.ea.com/uploads/glasgow-city-fc/emblem/glasgow-city-fc.png,,
SGS Essen,https://fc25-club-packs.ea.com/uploads/sgs-essen/emblem/sgs-essen.png,,
Dijon FCO,https://fc25-club-packs.ea.com/uploads/dijon-fco/emblem/dijon-fco.png,,
AS Saint etienne,https://fc25-club-packs.ea.com/uploads/as-saint-tienne/emblem/as-saint-tienne.png,,
Carl Zeiss Jena,https://fc25-club-packs.ea.com/uploads/carl-zeiss-jena/emblem/carl-zeiss-jena.png,,
Turbine Potsdam,https://fc25-club-packs.ea.com/uploads/turbine-potsdam/emblem/turbine-potsdam.png,,
